Product Type,Size,Paper Color,Parts,Sides,Ink Color,Quantity,Price
Carbonless Form,"5.5"" x 8.5""",White / Canary,2,Single,Black,500,49
Carbonless Form,"5.5"" x 8.5""",White / Canary,2,Single,Black,1000,63
Carbonless Form,"5.5"" x 8.5""",White / Canary,2,Single,Black,2000,94
Carbonless Form,"5.5"" x 8.5""",White / Canary,2,Single,Black,2500,117
Carbonless Form,"5.5"" x 8.5""",White / Canary,2,Single,Black,3000,187
Carbonless Form,"5.5"" x 8.5""",White / Canary,2,Single,Black,4000,176
Carbonless Form,"5.5"" x 8.5""",White / Canary,2,Single,Black,5000,199
Carbonless Form,"5.5"" x 8.5""",White / Canary,2,Single,Black,6000,225
Carbonless Form,"5.5"" x 8.5""",White / Canary,2,Single,Black,7000,253
Carbonless Form,"5.5"" x 8.5""",White / Canary,2,Single,Black,8000,280
Carbonless Form,"5.5"" x 8.5""",White / Canary,2,Single,Black,9000,305
Carbonless Form,"5.5"" x 8.5""",White / Canary,2,Single,Black,10000,326
,,,,,,,
Carbonless Form,"5.5"" x 8.5""",White / Canary / Pink,3,Single,Black,500,63
Carbonless Form,"5.5"" x 8.5""",White / Canary / Pink,3,Single,Black,1000,89
Carbonless Form,"5.5"" x 8.5""",White / Canary / Pink,3,Single,Black,2000,133
Carbonless Form,"5.5"" x 8.5""",White / Canary / Pink,3,Single,Black,2500,165
Carbonless Form,"5.5"" x 8.5""",White / Canary / Pink,3,Single,Black,3000,195
Carbonless Form,"5.5"" x 8.5""",White / Canary / Pink,3,Single,Black,4000,255
Carbonless Form,"5.5"" x 8.5""",White / Canary / Pink,3,Single,Black,5000,311
Carbonless Form,"5.5"" x 8.5""",White / Canary / Pink,3,Single,Black,6000,349
Carbonless Form,"5.5"" x 8.5""",White / Canary / Pink,3,Single,Black,7000,396
Carbonless Form,"5.5"" x 8.5""",White / Canary / Pink,3,Single,Black,8000,418
Carbonless Form,"5.5"" x 8.5""",White / Canary / Pink,3,Single,Black,9000,470
Carbonless Form,"5.5"" x 8.5""",White / Canary / Pink,3,Single,Black,10000,504
,,,,,,,
Carbonless Form,"5.5"" x 8.5""",White / Canary / Pink / Goldenrod,4,Single,Black,500,68
Carbonless Form,"5.5"" x 8.5""",White / Canary / Pink / Goldenrod,4,Single,Black,1000,109
Carbonless Form,"5.5"" x 8.5""",White / Canary / Pink / Goldenrod,4,Single,Black,2000,180
Carbonless Form,"5.5"" x 8.5""",White / Canary / Pink / Goldenrod,4,Single,Black,2500,221
Carbonless Form,"5.5"" x 8.5""",White / Canary / Pink / Goldenrod,4,Single,Black,3000,261
Carbonless Form,"5.5"" x 8.5""",White / Canary / Pink / Goldenrod,4,Single,Black,4000,340
Carbonless Form,"5.5"" x 8.5""",White / Canary / Pink / Goldenrod,4,Single,Black,5000,418
Carbonless Form,"5.5"" x 8.5""",White / Canary / Pink / Goldenrod,4,Single,Black,6000,436
Carbonless Form,"5.5"" x 8.5""",White / Canary / Pink / Goldenrod,4,Single,Black,7000,546
Carbonless Form,"5.5"" x 8.5""",White / Canary / Pink / Goldenrod,4,Single,Black,8000,601
Carbonless Form,"5.5"" x 8.5""",White / Canary / Pink / Goldenrod,4,Single,Black,9000,649
Carbonless Form,"5.5"" x 8.5""",White / Canary / Pink / Goldenrod,4,Single,Black,10000,689
,,,,,,,
Carbonless Form,"5.5"" x 8.5""",White / Green / Canary / Pink / Goldenrod,5,Single,Black,500,81
Carbonless Form,"5.5"" x 8.5""",White / Green / Canary / Pink / Goldenrod,5,Single,Black,1000,127
Carbonless Form,"5.5"" x 8.5""",White / Green / Canary / Pink / Goldenrod,5,Single,Black,2000,210
Carbonless Form,"5.5"" x 8.5""",White / Green / Canary / Pink / Goldenrod,5,Single,Black,2500,270
Carbonless Form,"5.5"" x 8.5""",White / Green / Canary / Pink / Goldenrod,5,Single,Black,3000,322
Carbonless Form,"5.5"" x 8.5""",White / Green / Canary / Pink / Goldenrod,5,Single,Black,4000,428
Carbonless Form,"5.5"" x 8.5""",White / Green / Canary / Pink / Goldenrod,5,Single,Black,5000,534
Carbonless Form,"5.5"" x 8.5""",White / Green / Canary / Pink / Goldenrod,5,Single,Black,6000,601
Carbonless Form,"5.5"" x 8.5""",White / Green / Canary / Pink / Goldenrod,5,Single,Black,7000,681
Carbonless Form,"5.5"" x 8.5""",White / Green / Canary / Pink / Goldenrod,5,Single,Black,8000,750
Carbonless Form,"5.5"" x 8.5""",White / Green / Canary / Pink / Goldenrod,5,Single,Black,9000,816
Carbonless Form,"5.5"" x 8.5""",White / Green / Canary / Pink / Goldenrod,5,Single,Black,10000,877
,,,,,,,
Carbonless Form,"5.5"" x 8.5""",White / Canary,2,Double,Black,500,72
Carbonless Form,"5.5"" x 8.5""",White / Canary,2,Double,Black,1000,86
Carbonless Form,"5.5"" x 8.5""",White / Canary,2,Double,Black,2000,126
Carbonless Form,"5.5"" x 8.5""",White / Canary,2,Double,Black,2500,155
Carbonless Form,"5.5"" x 8.5""",White / Canary,2,Double,Black,3000,180
Carbonless Form,"5.5"" x 8.5""",White / Canary,2,Double,Black,4000,229
Carbonless Form,"5.5"" x 8.5""",White / Canary,2,Double,Black,5000,263
Carbonless Form,"5.5"" x 8.5""",White / Canary,2,Double,Black,6000,298
Carbonless Form,"5.5"" x 8.5""",White / Canary,2,Double,Black,7000,337
Carbonless Form,"5.5"" x 8.5""",White / Canary,2,Double,Black,8000,374
Carbonless Form,"5.5"" x 8.5""",White / Canary,2,Double,Black,9000,410
Carbonless Form,"5.5"" x 8.5""",White / Canary,2,Double,Black,10000,441
,,,,,,,
Carbonless Form,"5.5"" x 8.5""",White / Canary / Pink,3,Double,Black,500,86
Carbonless Form,"5.5"" x 8.5""",White / Canary / Pink,3,Double,Black,1000,117
Carbonless Form,"5.5"" x 8.5""",White / Canary / Pink,3,Double,Black,2000,175
Carbonless Form,"5.5"" x 8.5""",White / Canary / Pink,3,Double,Black,2500,204
Carbonless Form,"5.5"" x 8.5""",White / Canary / Pink,3,Double,Black,3000,222
Carbonless Form,"5.5"" x 8.5""",White / Canary / Pink,3,Double,Black,4000,328
Carbonless Form,"5.5"" x 8.5""",White / Canary / Pink,3,Double,Black,5000,389
Carbonless Form,"5.5"" x 8.5""",White / Canary / Pink,3,Double,Black,6000,454
Carbonless Form,"5.5"" x 8.5""",White / Canary / Pink,3,Double,Black,7000,517
Carbonless Form,"5.5"" x 8.5""",White / Canary / Pink,3,Double,Black,8000,554
Carbonless Form,"5.5"" x 8.5""",White / Canary / Pink,3,Double,Black,9000,621
Carbonless Form,"5.5"" x 8.5""",White / Canary / Pink,3,Double,Black,10000,671
,,,,,,,
Carbonless Form,"5.5"" x 8.5""",White / Canary / Pink / Goldenrod,4,Double,Black,500,91
Carbonless Form,"5.5"" x 8.5""",White / Canary / Pink / Goldenrod,4,Double,Black,1000,141
Carbonless Form,"5.5"" x 8.5""",White / Canary / Pink / Goldenrod,4,Double,Black,2000,233
Carbonless Form,"5.5"" x 8.5""",White / Canary / Pink / Goldenrod,4,Double,Black,2500,285
Carbonless Form,"5.5"" x 8.5""",White / Canary / Pink / Goldenrod,4,Double,Black,3000,335
Carbonless Form,"5.5"" x 8.5""",White / Canary / Pink / Goldenrod,4,Double,Black,4000,434
Carbonless Form,"5.5"" x 8.5""",White / Canary / Pink / Goldenrod,4,Double,Black,5000,533
Carbonless Form,"5.5"" x 8.5""",White / Canary / Pink / Goldenrod,4,Double,Black,6000,612
Carbonless Form,"5.5"" x 8.5""",White / Canary / Pink / Goldenrod,4,Double,Black,7000,633
Carbonless Form,"5.5"" x 8.5""",White / Canary / Pink / Goldenrod,4,Double,Black,8000,778
Carbonless Form,"5.5"" x 8.5""",White / Canary / Pink / Goldenrod,4,Double,Black,9000,847
Carbonless Form,"5.5"" x 8.5""",White / Canary / Pink / Goldenrod,4,Double,Black,10000,908
,,,,,,,
Carbonless Form,"5.5"" x 8.5""",White / Green / Canary / Pink / Goldenrod,5,Double,Black,500,105
Carbonless Form,"5.5"" x 8.5""",White / Green / Canary / Pink / Goldenrod,5,Double,Black,1000,166
Carbonless Form,"5.5"" x 8.5""",White / Green / Canary / Pink / Goldenrod,5,Double,Black,2000,273
Carbonless Form,"5.5"" x 8.5""",White / Green / Canary / Pink / Goldenrod,5,Double,Black,2500,347
Carbonless Form,"5.5"" x 8.5""",White / Green / Canary / Pink / Goldenrod,5,Double,Black,3000,412
Carbonless Form,"5.5"" x 8.5""",White / Green / Canary / Pink / Goldenrod,5,Double,Black,4000,543
Carbonless Form,"5.5"" x 8.5""",White / Green / Canary / Pink / Goldenrod,5,Double,Black,5000,686
Carbonless Form,"5.5"" x 8.5""",White / Green / Canary / Pink / Goldenrod,5,Double,Black,6000,768
Carbonless Form,"5.5"" x 8.5""",White / Green / Canary / Pink / Goldenrod,5,Double,Black,7000,874
Carbonless Form,"5.5"" x 8.5""",White / Green / Canary / Pink / Goldenrod,5,Double,Black,8000,969
Carbonless Form,"5.5"" x 8.5""",White / Green / Canary / Pink / Goldenrod,5,Double,Black,9000,1061
Carbonless Form,"5.5"" x 8.5""",White / Green / Canary / Pink / Goldenrod,5,Double,Black,10000,1147
,,,,,,,
Carbonless Form,"7"" x 8.5""",White / Canary,2,Single,Black,500,56
Carbonless Form,"7"" x 8.5""",White / Canary,2,Single,Black,1000,72
Carbonless Form,"7"" x 8.5""",White / Canary,2,Single,Black,2000,107
Carbonless Form,"7"" x 8.5""",White / Canary,2,Single,Black,2500,133
Carbonless Form,"7"" x 8.5""",White / Canary,2,Single,Black,3000,152
Carbonless Form,"7"" x 8.5""",White / Canary,2,Single,Black,4000,190
Carbonless Form,"7"" x 8.5""",White / Canary,2,Single,Black,5000,221
Carbonless Form,"7"" x 8.5""",White / Canary,2,Single,Black,6000,257
Carbonless Form,"7"" x 8.5""",White / Canary,2,Single,Black,7000,295
Carbonless Form,"7"" x 8.5""",White / Canary,2,Single,Black,8000,327
Carbonless Form,"7"" x 8.5""",White / Canary,2,Single,Black,9000,365
Carbonless Form,"7"" x 8.5""",White / Canary,2,Single,Black,10000,397
,,,,,,,
Carbonless Form,"7"" x 8.5""",White / Canary / Pink,3,Single,Black,500,68
Carbonless Form,"7"" x 8.5""",White / Canary / Pink,3,Single,Black,1000,101
Carbonless Form,"7"" x 8.5""",White / Canary / Pink,3,Single,Black,2000,160
Carbonless Form,"7"" x 8.5""",White / Canary / Pink,3,Single,Black,2500,199
Carbonless Form,"7"" x 8.5""",White / Canary / Pink,3,Single,Black,3000,233
Carbonless Form,"7"" x 8.5""",White / Canary / Pink,3,Single,Black,4000,298
Carbonless Form,"7"" x 8.5""",White / Canary / Pink,3,Single,Black,5000,362
Carbonless Form,"7"" x 8.5""",White / Canary / Pink,3,Single,Black,6000,422
Carbonless Form,"7"" x 8.5""",White / Canary / Pink,3,Single,Black,7000,490
Carbonless Form,"7"" x 8.5""",White / Canary / Pink,3,Single,Black,8000,544
Carbonless Form,"7"" x 8.5""",White / Canary / Pink,3,Single,Black,9000,611
Carbonless Form,"7"" x 8.5""",White / Canary / Pink,3,Single,Black,10000,667
,,,,,,,
Carbonless Form,"7"" x 8.5""",White / Canary / Pink / Goldenrod,4,Single,Black,500,82
Carbonless Form,"7"" x 8.5""",White / Canary / Pink / Goldenrod,4,Single,Black,1000,128
Carbonless Form,"7"" x 8.5""",White / Canary / Pink / Goldenrod,4,Single,Black,2000,211
Carbonless Form,"7"" x 8.5""",White / Canary / Pink / Goldenrod,4,Single,Black,2500,261
Carbonless Form,"7"" x 8.5""",White / Canary / Pink / Goldenrod,4,Single,Black,3000,310
Carbonless Form,"7"" x 8.5""",White / Canary / Pink / Goldenrod,4,Single,Black,4000,400
Carbonless Form,"7"" x 8.5""",White / Canary / Pink / Goldenrod,4,Single,Black,5000,495
Carbonless Form,"7"" x 8.5""",White / Canary / Pink / Goldenrod,4,Single,Black,6000,588
Carbonless Form,"7"" x 8.5""",White / Canary / Pink / Goldenrod,4,Single,Black,7000,682
Carbonless Form,"7"" x 8.5""",White / Canary / Pink / Goldenrod,4,Single,Black,8000,782
Carbonless Form,"7"" x 8.5""",White / Canary / Pink / Goldenrod,4,Single,Black,9000,879
Carbonless Form,"7"" x 8.5""",White / Canary / Pink / Goldenrod,4,Single,Black,10000,971
,,,,,,,
Carbonless Form,"7"" x 8.5""",White / Green / Canary / Pink / Goldenrod,5,Single,Black,500,95
Carbonless Form,"7"" x 8.5""",White / Green / Canary / Pink / Goldenrod,5,Single,Black,1000,153
Carbonless Form,"7"" x 8.5""",White / Green / Canary / Pink / Goldenrod,5,Single,Black,2000,253
Carbonless Form,"7"" x 8.5""",White / Green / Canary / Pink / Goldenrod,5,Single,Black,2500,314
Carbonless Form,"7"" x 8.5""",White / Green / Canary / Pink / Goldenrod,5,Single,Black,3000,370
Carbonless Form,"7"" x 8.5""",White / Green / Canary / Pink / Goldenrod,5,Single,Black,4000,480
Carbonless Form,"7"" x 8.5""",White / Green / Canary / Pink / Goldenrod,5,Single,Black,5000,585
Carbonless Form,"7"" x 8.5""",White / Green / Canary / Pink / Goldenrod,5,Single,Black,6000,692
Carbonless Form,"7"" x 8.5""",White / Green / Canary / Pink / Goldenrod,5,Single,Black,7000,803
Carbonless Form,"7"" x 8.5""",White / Green / Canary / Pink / Goldenrod,5,Single,Black,8000,911
Carbonless Form,"7"" x 8.5""",White / Green / Canary / Pink / Goldenrod,5,Single,Black,9000,1024
Carbonless Form,"7"" x 8.5""",White / Green / Canary / Pink / Goldenrod,5,Single,Black,10000,1138
,,,,,,,
Carbonless Form,"7"" x 8.5""",White / Canary,2,Double,Black,500,79
Carbonless Form,"7"" x 8.5""",White / Canary,2,Double,Black,1000,95
Carbonless Form,"7"" x 8.5""",White / Canary,2,Double,Black,2000,140
Carbonless Form,"7"" x 8.5""",White / Canary,2,Double,Black,2500,158
Carbonless Form,"7"" x 8.5""",White / Canary,2,Double,Black,3000,188
Carbonless Form,"7"" x 8.5""",White / Canary,2,Double,Black,4000,243
Carbonless Form,"7"" x 8.5""",White / Canary,2,Double,Black,5000,285
Carbonless Form,"7"" x 8.5""",White / Canary,2,Double,Black,6000,331
Carbonless Form,"7"" x 8.5""",White / Canary,2,Double,Black,7000,379
Carbonless Form,"7"" x 8.5""",White / Canary,2,Double,Black,8000,421
Carbonless Form,"7"" x 8.5""",White / Canary,2,Double,Black,9000,470
Carbonless Form,"7"" x 8.5""",White / Canary,2,Double,Black,10000,512
,,,,,,,
Carbonless Form,"7"" x 8.5""",White / Canary / Pink,3,Double,Black,500,91
Carbonless Form,"7"" x 8.5""",White / Canary / Pink,3,Double,Black,1000,128
Carbonless Form,"7"" x 8.5""",White / Canary / Pink,3,Double,Black,2000,203
Carbonless Form,"7"" x 8.5""",White / Canary / Pink,3,Double,Black,2500,250
Carbonless Form,"7"" x 8.5""",White / Canary / Pink,3,Double,Black,3000,291
Carbonless Form,"7"" x 8.5""",White / Canary / Pink,3,Double,Black,4000,372
Carbonless Form,"7"" x 8.5""",White / Canary / Pink,3,Double,Black,5000,451
Carbonless Form,"7"" x 8.5""",White / Canary / Pink,3,Double,Black,6000,527
Carbonless Form,"7"" x 8.5""",White / Canary / Pink,3,Double,Black,7000,611
Carbonless Form,"7"" x 8.5""",White / Canary / Pink,3,Double,Black,8000,680
Carbonless Form,"7"" x 8.5""",White / Canary / Pink,3,Double,Black,9000,763
Carbonless Form,"7"" x 8.5""",White / Canary / Pink,3,Double,Black,10000,833
,,,,,,,
Carbonless Form,"7"" x 8.5""",White / Canary / Pink / Goldenrod,4,Double,Black,500,105
Carbonless Form,"7"" x 8.5""",White / Canary / Pink / Goldenrod,4,Double,Black,1000,160
Carbonless Form,"7"" x 8.5""",White / Canary / Pink / Goldenrod,4,Double,Black,2000,264
Carbonless Form,"7"" x 8.5""",White / Canary / Pink / Goldenrod,4,Double,Black,2500,325
Carbonless Form,"7"" x 8.5""",White / Canary / Pink / Goldenrod,4,Double,Black,3000,383
Carbonless Form,"7"" x 8.5""",White / Canary / Pink / Goldenrod,4,Double,Black,4000,494
Carbonless Form,"7"" x 8.5""",White / Canary / Pink / Goldenrod,4,Double,Black,5000,610
Carbonless Form,"7"" x 8.5""",White / Canary / Pink / Goldenrod,4,Double,Black,6000,724
Carbonless Form,"7"" x 8.5""",White / Canary / Pink / Goldenrod,4,Double,Black,7000,839
Carbonless Form,"7"" x 8.5""",White / Canary / Pink / Goldenrod,4,Double,Black,8000,960
Carbonless Form,"7"" x 8.5""",White / Canary / Pink / Goldenrod,4,Double,Black,9000,1077
Carbonless Form,"7"" x 8.5""",White / Canary / Pink / Goldenrod,4,Double,Black,10000,1408
,,,,,,,
Carbonless Form,"7"" x 8.5""",White / Green / Canary / Pink / Goldenrod,5,Double,Black,500,120
Carbonless Form,"7"" x 8.5""",White / Green / Canary / Pink / Goldenrod,5,Double,Black,1000,191
Carbonless Form,"7"" x 8.5""",White / Green / Canary / Pink / Goldenrod,5,Double,Black,2000,317
Carbonless Form,"7"" x 8.5""",White / Green / Canary / Pink / Goldenrod,5,Double,Black,2500,391
Carbonless Form,"7"" x 8.5""",White / Green / Canary / Pink / Goldenrod,5,Double,Black,3000,459
Carbonless Form,"7"" x 8.5""",White / Green / Canary / Pink / Goldenrod,5,Double,Black,4000,595
Carbonless Form,"7"" x 8.5""",White / Green / Canary / Pink / Goldenrod,5,Double,Black,5000,717
Carbonless Form,"7"" x 8.5""",White / Green / Canary / Pink / Goldenrod,5,Double,Black,6000,858
Carbonless Form,"7"" x 8.5""",White / Green / Canary / Pink / Goldenrod,5,Double,Black,7000,996
Carbonless Form,"7"" x 8.5""",White / Green / Canary / Pink / Goldenrod,5,Double,Black,8000,1130
Carbonless Form,"7"" x 8.5""",White / Green / Canary / Pink / Goldenrod,5,Double,Black,9000,1269
Carbonless Form,"7"" x 8.5""",White / Green / Canary / Pink / Goldenrod,5,Double,Black,10000,1282
,,,,,,,
Carbonless Form,"8.5"" x 11""",White / Canary,2,Single,Black,250,49
Carbonless Form,"8.5"" x 11""",White / Canary,2,Single,Black,500,63
Carbonless Form,"8.5"" x 11""",White / Canary,2,Single,Black,1000,94
Carbonless Form,"8.5"" x 11""",White / Canary,2,Single,Black,1500,137
Carbonless Form,"8.5"" x 11""",White / Canary,2,Single,Black,2000,176
Carbonless Form,"8.5"" x 11""",White / Canary,2,Single,Black,2500,199
Carbonless Form,"8.5"" x 11""",White / Canary,2,Single,Black,3000,225
Carbonless Form,"8.5"" x 11""",White / Canary,2,Single,Black,4000,280
Carbonless Form,"8.5"" x 11""",White / Canary,2,Single,Black,5000,326
Carbonless Form,"8.5"" x 11""",White / Canary,2,Single,Black,6000,381
Carbonless Form,"8.5"" x 11""",White / Canary,2,Single,Black,7000,435
Carbonless Form,"8.5"" x 11""",White / Canary,2,Single,Black,8000,487
Carbonless Form,"8.5"" x 11""",White / Canary,2,Single,Black,9000,539
Carbonless Form,"8.5"" x 11""",White / Canary,2,Single,Black,10000,594
,,,,,,,
Carbonless Form,"8.5"" x 11""",White / Canary / Pink,3,Single,Black,250,63
Carbonless Form,"8.5"" x 11""",White / Canary / Pink,3,Single,Black,500,89
Carbonless Form,"8.5"" x 11""",White / Canary / Pink,3,Single,Black,1000,133
Carbonless Form,"8.5"" x 11""",White / Canary / Pink,3,Single,Black,1500,195
Carbonless Form,"8.5"" x 11""",White / Canary / Pink,3,Single,Black,2000,255
Carbonless Form,"8.5"" x 11""",White / Canary / Pink,3,Single,Black,2500,311
Carbonless Form,"8.5"" x 11""",White / Canary / Pink,3,Single,Black,3000,349
Carbonless Form,"8.5"" x 11""",White / Canary / Pink,3,Single,Black,4000,418
Carbonless Form,"8.5"" x 11""",White / Canary / Pink,3,Single,Black,5000,504
Carbonless Form,"8.5"" x 11""",White / Canary / Pink,3,Single,Black,6000,590
Carbonless Form,"8.5"" x 11""",White / Canary / Pink,3,Single,Black,7000,680
Carbonless Form,"8.5"" x 11""",White / Canary / Pink,3,Single,Black,8000,772
Carbonless Form,"8.5"" x 11""",White / Canary / Pink,3,Single,Black,9000,865
Carbonless Form,"8.5"" x 11""",White / Canary / Pink,3,Single,Black,10000,955
,,,,,,,
Carbonless Form,"8.5"" x 11""",White / Canary / Pink / Goldenrod,4,Single,Black,250,68
Carbonless Form,"8.5"" x 11""",White / Canary / Pink / Goldenrod,4,Single,Black,500,109
Carbonless Form,"8.5"" x 11""",White / Canary / Pink / Goldenrod,4,Single,Black,1000,180
Carbonless Form,"8.5"" x 11""",White / Canary / Pink / Goldenrod,4,Single,Black,1500,261
Carbonless Form,"8.5"" x 11""",White / Canary / Pink / Goldenrod,4,Single,Black,2000,340
Carbonless Form,"8.5"" x 11""",White / Canary / Pink / Goldenrod,4,Single,Black,2500,418
Carbonless Form,"8.5"" x 11""",White / Canary / Pink / Goldenrod,4,Single,Black,3000,436
Carbonless Form,"8.5"" x 11""",White / Canary / Pink / Goldenrod,4,Single,Black,4000,601
Carbonless Form,"8.5"" x 11""",White / Canary / Pink / Goldenrod,4,Single,Black,5000,689
Carbonless Form,"8.5"" x 11""",White / Canary / Pink / Goldenrod,4,Single,Black,6000,832
Carbonless Form,"8.5"" x 11""",White / Canary / Pink / Goldenrod,4,Single,Black,7000,952
Carbonless Form,"8.5"" x 11""",White / Canary / Pink / Goldenrod,4,Single,Black,8000,1067
Carbonless Form,"8.5"" x 11""",White / Canary / Pink / Goldenrod,4,Single,Black,9000,1188
Carbonless Form,"8.5"" x 11""",White / Canary / Pink / Goldenrod,4,Single,Black,10000,1317
,,,,,,,
Carbonless Form,"8.5"" x 11""",White / Green / Canary / Pink / Goldenrod,5,Single,Black,250,81
Carbonless Form,"8.5"" x 11""",White / Green / Canary / Pink / Goldenrod,5,Single,Black,500,127
Carbonless Form,"8.5"" x 11""",White / Green / Canary / Pink / Goldenrod,5,Single,Black,1000,210
Carbonless Form,"8.5"" x 11""",White / Green / Canary / Pink / Goldenrod,5,Single,Black,1500,322
Carbonless Form,"8.5"" x 11""",White / Green / Canary / Pink / Goldenrod,5,Single,Black,2000,428
Carbonless Form,"8.5"" x 11""",White / Green / Canary / Pink / Goldenrod,5,Single,Black,2500,534
Carbonless Form,"8.5"" x 11""",White / Green / Canary / Pink / Goldenrod,5,Single,Black,3000,601
Carbonless Form,"8.5"" x 11""",White / Green / Canary / Pink / Goldenrod,5,Single,Black,4000,750
Carbonless Form,"8.5"" x 11""",White / Green / Canary / Pink / Goldenrod,5,Single,Black,5000,877
Carbonless Form,"8.5"" x 11""",White / Green / Canary / Pink / Goldenrod,5,Single,Black,6000,1033
Carbonless Form,"8.5"" x 11""",White / Green / Canary / Pink / Goldenrod,5,Single,Black,7000,1187
Carbonless Form,"8.5"" x 11""",White / Green / Canary / Pink / Goldenrod,5,Single,Black,8000,1336
Carbonless Form,"8.5"" x 11""",White / Green / Canary / Pink / Goldenrod,5,Single,Black,9000,1491
Carbonless Form,"8.5"" x 11""",White / Green / Canary / Pink / Goldenrod,5,Single,Black,10000,1655
,,,,,,,
Carbonless Form,"8.5"" x 11""",White / Canary,2,Double,Black,250,86
Carbonless Form,"8.5"" x 11""",White / Canary,2,Double,Black,500,126
Carbonless Form,"8.5"" x 11""",White / Canary,2,Double,Black,1000,126
Carbonless Form,"8.5"" x 11""",White / Canary,2,Double,Black,1500,180
Carbonless Form,"8.5"" x 11""",White / Canary,2,Double,Black,2000,229
Carbonless Form,"8.5"" x 11""",White / Canary,2,Double,Black,2500,263
Carbonless Form,"8.5"" x 11""",White / Canary,2,Double,Black,3000,298
Carbonless Form,"8.5"" x 11""",White / Canary,2,Double,Black,4000,374
Carbonless Form,"8.5"" x 11""",White / Canary,2,Double,Black,5000,441
Carbonless Form,"8.5"" x 11""",White / Canary,2,Double,Black,6000,517
Carbonless Form,"8.5"" x 11""",White / Canary,2,Double,Black,7000,592
Carbonless Form,"8.5"" x 11""",White / Canary,2,Double,Black,8000,664
Carbonless Form,"8.5"" x 11""",White / Canary,2,Double,Black,9000,736
Carbonless Form,"8.5"" x 11""",White / Canary,2,Double,Black,10000,812
,,,,,,,
Carbonless Form,"8.5"" x 11""",White / Canary / Pink,3,Double,Black,250,86
Carbonless Form,"8.5"" x 11""",White / Canary / Pink,3,Double,Black,500,117
Carbonless Form,"8.5"" x 11""",White / Canary / Pink,3,Double,Black,1000,175
Carbonless Form,"8.5"" x 11""",White / Canary / Pink,3,Double,Black,1500,222
Carbonless Form,"8.5"" x 11""",White / Canary / Pink,3,Double,Black,2000,328
Carbonless Form,"8.5"" x 11""",White / Canary / Pink,3,Double,Black,2500,401
Carbonless Form,"8.5"" x 11""",White / Canary / Pink,3,Double,Black,3000,454
Carbonless Form,"8.5"" x 11""",White / Canary / Pink,3,Double,Black,4000,554
Carbonless Form,"8.5"" x 11""",White / Canary / Pink,3,Double,Black,5000,671
Carbonless Form,"8.5"" x 11""",White / Canary / Pink,3,Double,Black,6000,788
Carbonless Form,"8.5"" x 11""",White / Canary / Pink,3,Double,Black,7000,909
Carbonless Form,"8.5"" x 11""",White / Canary / Pink,3,Double,Black,8000,1032
Carbonless Form,"8.5"" x 11""",White / Canary / Pink,3,Double,Black,9000,1156
Carbonless Form,"8.5"" x 11""",White / Canary / Pink,3,Double,Black,10000,1277
,,,,,,,
Carbonless Form,"8.5"" x 11""",White / Canary / Pink / Goldenrod,4,Double,Black,250,91
Carbonless Form,"8.5"" x 11""",White / Canary / Pink / Goldenrod,4,Double,Black,500,141
Carbonless Form,"8.5"" x 11""",White / Canary / Pink / Goldenrod,4,Double,Black,1000,233
Carbonless Form,"8.5"" x 11""",White / Canary / Pink / Goldenrod,4,Double,Black,1500,335
Carbonless Form,"8.5"" x 11""",White / Canary / Pink / Goldenrod,4,Double,Black,2000,434
Carbonless Form,"8.5"" x 11""",White / Canary / Pink / Goldenrod,4,Double,Black,2500,533
Carbonless Form,"8.5"" x 11""",White / Canary / Pink / Goldenrod,4,Double,Black,3000,612
Carbonless Form,"8.5"" x 11""",White / Canary / Pink / Goldenrod,4,Double,Black,4000,778
Carbonless Form,"8.5"" x 11""",White / Canary / Pink / Goldenrod,4,Double,Black,5000,908
Carbonless Form,"8.5"" x 11""",White / Canary / Pink / Goldenrod,4,Double,Black,6000,1092
Carbonless Form,"8.5"" x 11""",White / Canary / Pink / Goldenrod,4,Double,Black,7000,1253
Carbonless Form,"8.5"" x 11""",White / Canary / Pink / Goldenrod,4,Double,Black,8000,1409
Carbonless Form,"8.5"" x 11""",White / Canary / Pink / Goldenrod,4,Double,Black,9000,1573
Carbonless Form,"8.5"" x 11""",White / Canary / Pink / Goldenrod,4,Double,Black,10000,1743
,,,,,,,
Carbonless Form,"8.5"" x 11""",White / Green / Canary / Pink / Goldenrod,5,Double,Black,250,105
Carbonless Form,"8.5"" x 11""",White / Green / Canary / Pink / Goldenrod,5,Double,Black,500,166
Carbonless Form,"8.5"" x 11""",White / Green / Canary / Pink / Goldenrod,5,Double,Black,1000,273
Carbonless Form,"8.5"" x 11""",White / Green / Canary / Pink / Goldenrod,5,Double,Black,1500,412
Carbonless Form,"8.5"" x 11""",White / Green / Canary / Pink / Goldenrod,5,Double,Black,2000,543
Carbonless Form,"8.5"" x 11""",White / Green / Canary / Pink / Goldenrod,5,Double,Black,2500,655
Carbonless Form,"8.5"" x 11""",White / Green / Canary / Pink / Goldenrod,5,Double,Black,3000,768
Carbonless Form,"8.5"" x 11""",White / Green / Canary / Pink / Goldenrod,5,Double,Black,4000,969
Carbonless Form,"8.5"" x 11""",White / Green / Canary / Pink / Goldenrod,5,Double,Black,5000,1147
Carbonless Form,"8.5"" x 11""",White / Green / Canary / Pink / Goldenrod,5,Double,Black,6000,1355
Carbonless Form,"8.5"" x 11""",White / Green / Canary / Pink / Goldenrod,5,Double,Black,7000,1561
Carbonless Form,"8.5"" x 11""",White / Green / Canary / Pink / Goldenrod,5,Double,Black,8000,1761
Carbonless Form,"8.5"" x 11""",White / Green / Canary / Pink / Goldenrod,5,Double,Black,9000,1968
Carbonless Form,"8.5"" x 11""",White / Green / Canary / Pink / Goldenrod,5,Double,Black,10000,2184
,,,,,,,
Carbonless Form,"8.5"" x 14""",White / Canary,2,Single,Black,250,56
Carbonless Form,"8.5"" x 14""",White / Canary,2,Single,Black,500,72
Carbonless Form,"8.5"" x 14""",White / Canary,2,Single,Black,1000,107
Carbonless Form,"8.5"" x 14""",White / Canary,2,Single,Black,1500,152
Carbonless Form,"8.5"" x 14""",White / Canary,2,Single,Black,2000,190
Carbonless Form,"8.5"" x 14""",White / Canary,2,Single,Black,2500,221
Carbonless Form,"8.5"" x 14""",White / Canary,2,Single,Black,3000,257
Carbonless Form,"8.5"" x 14""",White / Canary,2,Single,Black,4000,327
Carbonless Form,"8.5"" x 14""",White / Canary,2,Single,Black,5000,397
Carbonless Form,"8.5"" x 14""",White / Canary,2,Single,Black,6000,466
Carbonless Form,"8.5"" x 14""",White / Canary,2,Single,Black,7000,535
Carbonless Form,"8.5"" x 14""",White / Canary,2,Single,Black,8000,601
Carbonless Form,"8.5"" x 14""",White / Canary,2,Single,Black,9000,665
Carbonless Form,"8.5"" x 14""",White / Canary,2,Single,Black,10000,715
,,,,,,,
Carbonless Form,"8.5"" x 14""",White / Canary / Pink,3,Single,Black,250,68
Carbonless Form,"8.5"" x 14""",White / Canary / Pink,3,Single,Black,500,101
Carbonless Form,"8.5"" x 14""",White / Canary / Pink,3,Single,Black,1000,160
Carbonless Form,"8.5"" x 14""",White / Canary / Pink,3,Single,Black,1500,233
Carbonless Form,"8.5"" x 14""",White / Canary / Pink,3,Single,Black,2000,298
Carbonless Form,"8.5"" x 14""",White / Canary / Pink,3,Single,Black,2500,362
Carbonless Form,"8.5"" x 14""",White / Canary / Pink,3,Single,Black,3000,422
Carbonless Form,"8.5"" x 14""",White / Canary / Pink,3,Single,Black,4000,544
Carbonless Form,"8.5"" x 14""",White / Canary / Pink,3,Single,Black,5000,667
Carbonless Form,"8.5"" x 14""",White / Canary / Pink,3,Single,Black,6000,777
Carbonless Form,"8.5"" x 14""",White / Canary / Pink,3,Single,Black,7000,888
Carbonless Form,"8.5"" x 14""",White / Canary / Pink,3,Single,Black,8000,994
Carbonless Form,"8.5"" x 14""",White / Canary / Pink,3,Single,Black,9000,1084
Carbonless Form,"8.5"" x 14""",White / Canary / Pink,3,Single,Black,10000,1177
,,,,,,,
Carbonless Form,"8.5"" x 14""",White / Canary / Pink / Goldenrod,4,Single,Black,250,82
Carbonless Form,"8.5"" x 14""",White / Canary / Pink / Goldenrod,4,Single,Black,500,128
Carbonless Form,"8.5"" x 14""",White / Canary / Pink / Goldenrod,4,Single,Black,1000,211
Carbonless Form,"8.5"" x 14""",White / Canary / Pink / Goldenrod,4,Single,Black,1500,310
Carbonless Form,"8.5"" x 14""",White / Canary / Pink / Goldenrod,4,Single,Black,2000,400
Carbonless Form,"8.5"" x 14""",White / Canary / Pink / Goldenrod,4,Single,Black,2500,495
Carbonless Form,"8.5"" x 14""",White / Canary / Pink / Goldenrod,4,Single,Black,3000,588
Carbonless Form,"8.5"" x 14""",White / Canary / Pink / Goldenrod,4,Single,Black,4000,782
Carbonless Form,"8.5"" x 14""",White / Canary / Pink / Goldenrod,4,Single,Black,5000,971
Carbonless Form,"8.5"" x 14""",White / Canary / Pink / Goldenrod,4,Single,Black,6000,1126
Carbonless Form,"8.5"" x 14""",White / Canary / Pink / Goldenrod,4,Single,Black,7000,1269
Carbonless Form,"8.5"" x 14""",White / Canary / Pink / Goldenrod,4,Single,Black,8000,1398
Carbonless Form,"8.5"" x 14""",White / Canary / Pink / Goldenrod,4,Single,Black,9000,1538
Carbonless Form,"8.5"" x 14""",White / Canary / Pink / Goldenrod,4,Single,Black,10000,1689
,,,,,,,
Carbonless Form,"8.5"" x 14""",White / Green / Canary / Pink / Goldenrod,5,Single,Black,250,95
Carbonless Form,"8.5"" x 14""",White / Green / Canary / Pink / Goldenrod,5,Single,Black,500,153
Carbonless Form,"8.5"" x 14""",White / Green / Canary / Pink / Goldenrod,5,Single,Black,1000,253
Carbonless Form,"8.5"" x 14""",White / Green / Canary / Pink / Goldenrod,5,Single,Black,1500,370
Carbonless Form,"8.5"" x 14""",White / Green / Canary / Pink / Goldenrod,5,Single,Black,2000,480
Carbonless Form,"8.5"" x 14""",White / Green / Canary / Pink / Goldenrod,5,Single,Black,2500,585
Carbonless Form,"8.5"" x 14""",White / Green / Canary / Pink / Goldenrod,5,Single,Black,3000,692
Carbonless Form,"8.5"" x 14""",White / Green / Canary / Pink / Goldenrod,5,Single,Black,4000,911
Carbonless Form,"8.5"" x 14""",White / Green / Canary / Pink / Goldenrod,5,Single,Black,5000,1138
Carbonless Form,"8.5"" x 14""",White / Green / Canary / Pink / Goldenrod,5,Single,Black,6000,1352
Carbonless Form,"8.5"" x 14""",White / Green / Canary / Pink / Goldenrod,5,Single,Black,7000,1559
Carbonless Form,"8.5"" x 14""",White / Green / Canary / Pink / Goldenrod,5,Single,Black,8000,1760
Carbonless Form,"8.5"" x 14""",White / Green / Canary / Pink / Goldenrod,5,Single,Black,9000,1957
Carbonless Form,"8.5"" x 14""",White / Green / Canary / Pink / Goldenrod,5,Single,Black,10000,2136
,,,,,,,
Carbonless Form,"8.5"" x 14""",White / Canary,2,Double,Black,250,68
Carbonless Form,"8.5"" x 14""",White / Canary,2,Double,Black,500,82
Carbonless Form,"8.5"" x 14""",White / Canary,2,Double,Black,1000,121
Carbonless Form,"8.5"" x 14""",White / Canary,2,Double,Black,1500,163
Carbonless Form,"8.5"" x 14""",White / Canary,2,Double,Black,2000,211
Carbonless Form,"8.5"" x 14""",White / Canary,2,Double,Black,2500,247
Carbonless Form,"8.5"" x 14""",White / Canary,2,Double,Black,3000,287
Carbonless Form,"8.5"" x 14""",White / Canary,2,Double,Black,4000,366
Carbonless Form,"8.5"" x 14""",White / Canary,2,Double,Black,5000,445
Carbonless Form,"8.5"" x 14""",White / Canary,2,Double,Black,6000,523
Carbonless Form,"8.5"" x 14""",White / Canary,2,Double,Black,7000,601
Carbonless Form,"8.5"" x 14""",White / Canary,2,Double,Black,8000,676
Carbonless Form,"8.5"" x 14""",White / Canary,2,Double,Black,9000,750
Carbonless Form,"8.5"" x 14""",White / Canary,2,Double,Black,10000,811
,,,,,,,
Carbonless Form,"8.5"" x 14""",White / Canary / Pink,3,Double,Black,250,79
Carbonless Form,"8.5"" x 14""",White / Canary / Pink,3,Double,Black,500,111
Carbonless Form,"8.5"" x 14""",White / Canary / Pink,3,Double,Black,1000,176
Carbonless Form,"8.5"" x 14""",White / Canary / Pink,3,Double,Black,1500,253
Carbonless Form,"8.5"" x 14""",White / Canary / Pink,3,Double,Black,2000,323
Carbonless Form,"8.5"" x 14""",White / Canary / Pink,3,Double,Black,2500,392
Carbonless Form,"8.5"" x 14""",White / Canary / Pink,3,Double,Black,3000,458
Carbonless Form,"8.5"" x 14""",White / Canary / Pink,3,Double,Black,4000,519
Carbonless Form,"8.5"" x 14""",White / Canary / Pink,3,Double,Black,5000,724
Carbonless Form,"8.5"" x 14""",White / Canary / Pink,3,Double,Black,6000,847
Carbonless Form,"8.5"" x 14""",White / Canary / Pink,3,Double,Black,7000,971
Carbonless Form,"8.5"" x 14""",White / Canary / Pink,3,Double,Black,8000,1090
Carbonless Form,"8.5"" x 14""",White / Canary / Pink,3,Double,Black,9000,1195
Carbonless Form,"8.5"" x 14""",White / Canary / Pink,3,Double,Black,10000,1303
,,,,,,,
Carbonless Form,"8.5"" x 14""",White / Canary / Pink / Goldenrod,4,Double,Black,250,91
Carbonless Form,"8.5"" x 14""",White / Canary / Pink / Goldenrod,4,Double,Black,500,139
Carbonless Form,"8.5"" x 14""",White / Canary / Pink / Goldenrod,4,Double,Black,1000,229
Carbonless Form,"8.5"" x 14""",White / Canary / Pink / Goldenrod,4,Double,Black,1500,333
Carbonless Form,"8.5"" x 14""",White / Canary / Pink / Goldenrod,4,Double,Black,2000,429
Carbonless Form,"8.5"" x 14""",White / Canary / Pink / Goldenrod,4,Double,Black,2500,530
Carbonless Form,"8.5"" x 14""",White / Canary / Pink / Goldenrod,4,Double,Black,3000,629
Carbonless Form,"8.5"" x 14""",White / Canary / Pink / Goldenrod,4,Double,Black,4000,834
Carbonless Form,"8.5"" x 14""",White / Canary / Pink / Goldenrod,4,Double,Black,5000,1063
Carbonless Form,"8.5"" x 14""",White / Canary / Pink / Goldenrod,4,Double,Black,6000,1205
Carbonless Form,"8.5"" x 14""",White / Canary / Pink / Goldenrod,4,Double,Black,7000,1365
Carbonless Form,"8.5"" x 14""",White / Canary / Pink / Goldenrod,4,Double,Black,8000,1513
Carbonless Form,"8.5"" x 14""",White / Canary / Pink / Goldenrod,4,Double,Black,9000,1671
Carbonless Form,"8.5"" x 14""",White / Canary / Pink / Goldenrod,4,Double,Black,10000,1836
,,,,,,,
Carbonless Form,"8.5"" x 14""",White / Green / Canary / Pink / Goldenrod,5,Double,Black,250,104
Carbonless Form,"8.5"" x 14""",White / Green / Canary / Pink / Goldenrod,5,Double,Black,500,166
Carbonless Form,"8.5"" x 14""",White / Green / Canary / Pink / Goldenrod,5,Double,Black,1000,275
Carbonless Form,"8.5"" x 14""",White / Green / Canary / Pink / Goldenrod,5,Double,Black,1500,399
Carbonless Form,"8.5"" x 14""",White / Green / Canary / Pink / Goldenrod,5,Double,Black,2000,517
Carbonless Form,"8.5"" x 14""",White / Green / Canary / Pink / Goldenrod,5,Double,Black,2500,623
Carbonless Form,"8.5"" x 14""",White / Green / Canary / Pink / Goldenrod,5,Double,Black,3000,746
Carbonless Form,"8.5"" x 14""",White / Green / Canary / Pink / Goldenrod,5,Double,Black,4000,982
Carbonless Form,"8.5"" x 14""",White / Green / Canary / Pink / Goldenrod,5,Double,Black,5000,1224
Carbonless Form,"8.5"" x 14""",White / Green / Canary / Pink / Goldenrod,5,Double,Black,6000,1455
Carbonless Form,"8.5"" x 14""",White / Green / Canary / Pink / Goldenrod,5,Double,Black,7000,1481
Carbonless Form,"8.5"" x 14""",White / Green / Canary / Pink / Goldenrod,5,Double,Black,8000,1900
Carbonless Form,"8.5"" x 14""",White / Green / Canary / Pink / Goldenrod,5,Double,Black,9000,2116
Carbonless Form,"8.5"" x 14""",White / Green / Canary / Pink / Goldenrod,5,Double,Black,10000,2317